-- Вставка даних у таблицю parking
INSERT INTO parking (address, network, total_spots) VALUES
('вул. Хрещатик, 22', 'Торговий центр', 100),
('просп. Перемоги, 45', 'Супермаркет', 150),
('вул. Лесі Українки, 12', 'Бізнес-центр', 80),
('вул. Сагайдачного, 10', 'Ринок', 200),
('вул. Січових Стрільців, 5', 'Готель', 50),
('вул. Шевченка, 15', 'Кінотеатр', 60),
('вул. Коцюбинського, 3', 'Спорткомплекс', 120),
('вул. Сумська, 28', 'Університет', 200),
('вул. Ярослава Мудрого, 45', 'Офіс', 75),
('вул. Володимира Великого, 12', 'Автовокзал', 90);

-- Вставка даних у таблицю parking_spot
INSERT INTO parking_spot (parking_id, spot_number) VALUES
(1, 1), (1, 2), (1, 3), (1, 4), (1, 5),
(1, 6), (1, 7), (1, 8), (1, 9), (1, 10),
(2, 11), (2, 12), (2, 13), (2, 14), (2, 15),
(2, 16), (2, 17), (2, 18), (2, 19), (2, 20),
(3, 21), (3, 22), (3, 23), (3, 24), (3, 25),
(3, 26), (3, 27), (3, 28), (3, 29), (3, 30),
(4, 31), (4, 32), (4, 33), (4, 34), (4, 35),
(4, 36), (4, 37), (4, 38), (4, 39), (4, 40),
(5, 41), (5, 42), (5, 43), (5, 44), (5, 45),
(5, 46), (5, 47), (5, 48), (5, 49), (5, 50);

-- Вставка даних у таблицю customer
INSERT INTO customer (first_name, last_name, phone_number, email) VALUES
('Олександр', 'Головко', '0671234567', 'oleksandr@example.com'),
('Марія', 'Іванова', '0957654321', 'maria@example.com'),
('Петро', 'Сидоренко', '0507890123', 'petro@example.com'),
('Наталія', 'Коваль', '0634567890', 'natalia@example.com'),
('Віктор', 'Тимошенко', '0681237890', 'viktor@example.com'),
('Ірина', 'Ткаченко', '0661234567', 'iryna@example.com'),
('Сергій', 'Петренко', '0997654321', 'serhiy@example.com'),
('Людмила', 'Острякова', '0501112233', 'lyudmila@example.com'),
('Дмитро', 'Кушнір', '0632223344', 'dmytro@example.com'),
('Тетяна', 'Гуменюк', '0683334455', 'tetiana@example.com');

-- Вставка даних у таблицю vehicle
INSERT INTO vehicle (plate_number, owner_id) VALUES
('AA1234BB', 1),
('AA1234HH', 1),
('AA5678CC', 2),
('AA9876DD', 3),
('AA6543EE', 4),
('AA3456FF', 5),
('AA4321GG', 6),
('AA8765HH', 7),
('AA7654II', 8),
('AA2345JJ', 9),
('AA5432KK', 10);

-- Вставка даних у таблицю company
INSERT INTO company (company_name, contact_person, phone_number, email) VALUES
('Компанія А', 'Іван Іванов', '0501112233', 'ivan@companyA.com'),
('Компанія Б', 'Петро Петров', '0672223344', 'petro@companyB.com'),
('Компанія В', 'Олег Олегов', '0633334455', 'oleg@companyC.com'),
('Компанія Г', 'Аліна Алінка', '0994445566', 'alina@companyD.com'),
('Компанія Д', 'Сергій Сергійов', '0685556677', 'serhiy@companyE.com'),
('Компанія Е', 'Марина Маринова', '0506667788', 'marina@companyF.com'),
('Компанія Ж', 'Оксана Оксен', '0677778899', 'oksana@companyG.com'),
('Компанія З', 'Тарас Тарасов', '0638889900', 'taras@companyH.com'),
('Компанія И', 'Денис Денисов', '0999990011', 'denis@companyI.com'),
('Компанія Й', 'Тетяна Тетяненко', '0680001122', 'tetiana@companyJ.com');

-- Вставка даних у таблицю customer_card
INSERT INTO customer_card (customer_id, company_id, valid_from, valid_until) VALUES
(1, 1, '2023-01-01', '2024-01-01'),
(2, 2, '2023-02-01', '2024-02-01'),
(3, 3, '2023-03-01', '2024-03-01'),
(4, 4, '2023-04-01', '2024-04-01'),
(5, 5, '2023-05-01', '2024-05-01'),
(6, 6, '2023-06-01', '2024-06-01'),
(7, 7, '2023-07-01', '2024-07-01'),
(8, 8, '2023-08-01', '2024-08-01'),
(9, 9, '2023-09-01', '2024-09-01'),
(10, 10, '2023-10-01', '2024-10-01');

-- Вставка даних у таблицю occupancy
INSERT INTO occupancy (spot_number, vehicle_id, entry_time, exit_time) VALUES
(1, 1, '2023-10-01 08:00:00', '2023-10-01 12:00:00'),
(2, 2, '2023-10-01 09:00:00', '2023-10-01 15:00:00'),
(3, 3, '2023-10-01 10:00:00', '2023-10-01 11:00:00'),
(4, 4, '2023-10-01 07:30:00', '2023-10-01 12:30:00'),
(5, 5, '2023-10-01 13:00:00', '2023-10-01 16:00:00'),
(6, 6, '2023-10-01 14:00:00', '2023-10-01 17:00:00'),
(7, 7, '2023-10-01 15:00:00', '2023-10-01 18:00:00'),
(8, 8, '2023-10-01 09:15:00', '2023-10-01 10:15:00'),
(9, 9, '2023-10-01 11:30:00', '2023-10-01 14:30:00'),
(10, 10, '2023-10-01 08:45:00', '2023-10-01 12:45:00');

-- Вставка даних у таблицю ticket
INSERT INTO ticket (spot_number, vehicle_id, issue_time) VALUES
(1, 1, '2023-10-01 08:00:00'),
(2, 2, '2023-10-01 09:00:00'),
(3, 3, '2023-10-01 10:00:00'),
(4, 4, '2023-10-01 07:30:00'),
(5, 5, '2023-10-01 13:00:00'),
(6, 6, '2023-10-01 14:00:00'),
(7, 7, '2023-10-01 15:00:00'),
(8, 8, '2023-10-01 09:15:00'),
(9, 9, '2023-10-01 11:30:00'),
(10, 10, '2023-10-01 08:45:00');

-- Вставка даних у таблицю payment
INSERT INTO payment (ticket_id, amount, payment_time) VALUES
(1, 100, '2023-10-01 12:00:00'),
(2, 150, '2023-10-01 15:00:00'),
(3, 50, '2023-10-01 11:00:00'),
(4, 80, '2023-10-01 12:30:00'),
(5, 120, '2023-10-01 16:00:00'),
(6, 90, '2023-10-01 17:00:00'),
(7, 110, '2023-10-01 18:00:00'),
(8, 75, '2023-10-01 10:15:00'),
(9, 200, '2023-10-01 14:30:00'),
(10, 60, '2023-10-01 12:45:00');

-- Вставка даних у таблицю reservation
INSERT INTO reservation (parking_spot_id, customer_id, reservation_time) VALUES                                                                          (1, 1, '2023-10-01 08:00:00'),
(2, 2, '2023-10-01 09:00:00'),
(3, 3, '2023-10-01 10:00:00'),
(4, 4, '2023-10-01 07:30:00'),
(5, 5, '2023-10-01 13:00:00'),
(6, 6, '2023-10-01 14:00:00'),
(7, 7, '2023-10-01 15:00:00'),
(8, 8, '2023-10-01 09:15:00'),
(9, 9, '2023-10-01 11:30:00'),
(10, 10, '2023-10-01 08:45:00');


INSERT INTO company_customer (company_id, customer_id) VALUES
(1, 1),
(1, 2),
(1, 3),
(2, 2),
(2, 4),
(2, 5),
(3, 6),
(3, 1),
(4, 7),
(4, 3),
(5, 8),
(5, 4),
(6, 9),
(6, 5),
(7, 10),
(7, 6),
(8, 7),
(8, 8);
